YearMonth,Country,TAVG,TMAX,TMIN,PRCP
2000-01,Brazil,76.61290322580645,87.15384615384616,70.3157894736842,0.1811764705882353
2000-02,Brazil,76.72413793103448,88.75,71.0,0.3194117647058823
2000-03,Brazil,77.2258064516129,86.84615384615384,70.8125,0.0421052631578947
2000-04,Brazil,75.8,85.41666666666667,69.45,0.2566666666666666
2000-05,Brazil,74.2258064516129,82.66666666666667,68.4074074074074,0.1726086956521739
2000-06,Brazil,72.13333333333334,79.9090909090909,67.04166666666667,0.2961538461538461
2000-07,Brazil,70.6774193548387,78.7,66.20689655172414,0.2333333333333333
2000-08,Brazil,71.06896551724138,79.54545454545455,65.81818181818181,0.3263636363636363
2000-09,Brazil,72.03333333333333,79.76923076923077,66.88888888888889,0.2873684210526315
2000-10,Brazil,73.20689655172414,83.53846153846153,67.81818181818181,0.0763636363636363
2000-11,Brazil,75.14285714285714,86.3076923076923,68.44444444444444,0.0322222222222222
2000-12,Brazil,75.3225806451613,85.5,68.66666666666667,0.25
2001-01,Brazil,76.87096774193549,87.83333333333333,69.05555555555556,0.0233333333333333
2001-02,Brazil,79.5,90.11111111111111,70.04761904761905,0.0575
2001-03,Brazil,77.6774193548387,87.23076923076923,70.23529411764706,0.5599999999999999
2001-04,Brazil,75.96296296296296,83.7,69.89473684210526,0.1922222222222222
2001-05,Brazil,77.29166666666667,85.76923076923077,69.875,0.05375
2001-06,Brazil,72.8,80.84615384615384,66.73076923076923,0.2118518518518518
2001-07,Brazil,71.65217391304348,79.0,66.26666666666667,0.1775
2001-08,Brazil,71.48387096774194,81.07142857142857,64.58333333333333,0.0888461538461538
2001-09,Brazil,74.33333333333333,83.53846153846153,66.28571428571429,0.1109090909090909
2001-10,Brazil,76.41935483870968,85.92307692307692,68.52941176470588,0.049375
2001-11,Brazil,78.1,87.76470588235294,69.66666666666667,0.0533333333333333
2001-12,Brazil,78.72413793103448,87.7,70.96,0.031578947368421
2002-01,Brazil,75.92902620019866,85.0628047824703,68.14998979985222,0.1491410402845039
2002-02,Brazil,74.0,85.0628047824703,68.14998979985222,0.1491410402845039
2002-03,Brazil,76.0,85.0,70.0,0.81
2002-04,Brazil,75.92902620019866,85.0628047824703,68.14998979985222,0.1491410402845039
2002-05,Brazil,75.92902620019866,85.0628047824703,68.14998979985222,0.1491410402845039
2002-06,Brazil,71.5,81.0,65.0,0.1491410402845039
2002-07,Brazil,72.0,78.5,67.5,0.1491410402845039
2002-08,Brazil,75.92902620019866,85.0628047824703,68.14998979985222,0.1491410402845039
2002-09,Brazil,75.92902620019866,85.0628047824703,68.14998979985222,0.1491410402845039
2002-10,Brazil,74.0,85.0628047824703,67.0,0.1491410402845039
2002-11,Brazil,75.92902620019866,85.0628047824703,68.14998979985222,0.1491410402845039
2002-12,Brazil,75.92902620019866,85.0628047824703,68.14998979985222,0.1491410402845039
2003-01,Brazil,75.92902620019866,85.0628047824703,68.14998979985222,0.1491410402845039
2003-02,Brazil,81.0,87.0,69.0,0.1491410402845039
2003-03,Brazil,75.92902620019866,85.0628047824703,68.14998979985222,0.1491410402845039
2003-04,Brazil,82.0,85.0628047824703,71.0,0.1491410402845039
2003-05,Brazil,81.0,86.0,69.0,0.1491410402845039
2003-06,Brazil,72.85714285714286,79.8,67.0,0.1491410402845039
2003-07,Brazil,75.92902620019866,85.0628047824703,68.14998979985222,0.1491410402845039
2003-08,Brazil,75.92902620019866,85.0628047824703,68.14998979985222,0.1491410402845039
2003-09,Brazil,81.5,87.0,69.0,0.1491410402845039
2003-10,Brazil,75.92902620019866,85.0628047824703,68.14998979985222,0.1491410402845039
2003-11,Brazil,75.92902620019866,85.0628047824703,68.14998979985222,0.1491410402845039
2003-12,Brazil,75.0,95.0,71.0,0.1491410402845039
2004-01,Brazil,73.0,81.0,68.14998979985222,0.1491410402845039
2004-02,Brazil,75.92902620019866,85.0628047824703,68.14998979985222,0.1491410402845039
2004-03,Brazil,75.92902620019866,85.0628047824703,68.14998979985222,0.1491410402845039
2004-04,Brazil,75.92902620019866,85.0628047824703,68.14998979985222,0.1491410402845039
2004-05,Brazil,75.92902620019866,85.0628047824703,68.14998979985222,0.1491410402845039
2004-06,Brazil,74.0,85.0628047824703,68.0,0.1491410402845039
2004-07,Brazil,75.92902620019866,85.0628047824703,68.14998979985222,0.1491410402845039
2004-08,Brazil,72.0,82.0,68.0,0.1491410402845039
2004-09,Brazil,75.92902620019866,85.0628047824703,68.14998979985222,0.1491410402845039
2004-10,Brazil,75.92902620019866,85.0628047824703,68.14998979985222,0.1491410402845039
2004-11,Brazil,75.92902620019866,85.0628047824703,68.14998979985222,0.1491410402845039
2004-12,Brazil,75.92902620019866,85.0628047824703,68.14998979985222,0.1491410402845039
2005-01,Brazil,75.92902620019866,85.0628047824703,68.14998979985222,0.1491410402845039
2005-02,Brazil,75.92902620019866,85.0628047824703,68.14998979985222,0.1491410402845039
2005-03,Brazil,75.92902620019866,85.0628047824703,68.14998979985222,0.1491410402845039
2005-04,Brazil,75.92902620019866,85.0628047824703,68.14998979985222,0.1491410402845039
2005-05,Brazil,80.5,82.0,68.0,0.1491410402845039
2005-06,Brazil,75.92902620019866,85.0628047824703,68.14998979985222,0.1491410402845039
2005-07,Brazil,75.92902620019866,85.0628047824703,68.14998979985222,0.1491410402845039
2005-08,Brazil,75.92902620019866,85.0628047824703,68.14998979985222,0.1491410402845039
2005-09,Brazil,77.0,85.0628047824703,67.0,0.08
2005-10,Brazil,75.92902620019866,85.0628047824703,68.14998979985222,0.1491410402845039
2005-11,Brazil,75.92902620019866,85.0628047824703,68.14998979985222,0.1491410402845039
2005-12,Brazil,75.92902620019866,85.0628047824703,68.14998979985222,0.1491410402845039
2006-01,Brazil,75.92902620019866,85.0628047824703,68.14998979985222,0.1491410402845039
2006-02,Brazil,75.92902620019866,85.0628047824703,68.14998979985222,0.1491410402845039
2006-03,Brazil,75.92902620019866,85.0628047824703,68.14998979985222,0.1491410402845039
2006-04,Brazil,75.92902620019866,85.0628047824703,68.14998979985222,0.1491410402845039
2006-05,Brazil,75.92902620019866,85.0628047824703,68.14998979985222,0.1491410402845039
2006-06,Brazil,75.92902620019866,85.0628047824703,68.14998979985222,0.1491410402845039
2006-07,Brazil,75.92902620019866,85.0628047824703,68.14998979985222,0.1491410402845039
2006-08,Brazil,75.92902620019866,85.0628047824703,68.14998979985222,0.1491410402845039
2006-09,Brazil,75.92902620019866,85.0628047824703,68.14998979985222,0.1491410402845039
2006-10,Brazil,75.92902620019866,85.0628047824703,68.14998979985222,0.1491410402845039
2006-11,Brazil,75.92902620019866,85.0628047824703,68.14998979985222,0.1491410402845039
2006-12,Brazil,75.92902620019866,85.0628047824703,68.14998979985222,0.1491410402845039
2007-01,Brazil,75.92902620019866,85.0628047824703,68.14998979985222,0.1491410402845039
2007-02,Brazil,73.0,86.0,69.0,0.43
2007-03,Brazil,75.92902620019866,85.0628047824703,68.14998979985222,0.1491410402845039
2007-04,Brazil,75.92902620019866,85.0628047824703,68.14998979985222,0.1491410402845039
2007-05,Brazil,75.92902620019866,85.0628047824703,68.14998979985222,0.1491410402845039
2007-06,Brazil,73.0,85.0628047824703,65.5,0.04
2007-07,Brazil,72.8,79.125,65.52,0.0835294117647058
2007-08,Brazil,71.38888888888889,78.42857142857143,65.21428571428571,0.1516666666666666
2007-09,Brazil,73.96666666666667,80.8,65.36363636363636,0.1788888888888888
2007-10,Brazil,76.80645161290323,83.5,66.42857142857143,0.0325
2007-11,Brazil,78.8,90.5,69.15,0.0085714285714285
2007-12,Brazil,78.87096774193549,88.16666666666667,69.8,0.0528571428571428
2008-01,Brazil,79.0,87.875,69.77777777777777,0.1658333333333333
2008-02,Brazil,81.14285714285714,89.66666666666667,71.35714285714286,0.04
2008-03,Brazil,80.09677419354838,89.33333333333333,71.16666666666667,0.482
2008-04,Brazil,77.26666666666667,83.25,69.9090909090909,0.1633333333333333
2008-05,Brazil,75.6774193548387,81.9090909090909,69.13636363636364,0.2316666666666666
2008-06,Brazil,72.5,79.0,66.03703703703704,0.1595833333333333
2008-07,Brazil,71.19354838709677,78.0909090909091,64.53846153846153,0.1826923076923076
2008-08,Brazil,72.12903225806451,79.78571428571429,64.82142857142857,0.13
2008-09,Brazil,74.9,81.8,66.71428571428571,0.1209090909090909
2008-10,Brazil,77.0,86.0,68.29166666666667,0.0391666666666666
2008-11,Brazil,78.7,88.25,69.2,0.008
2008-12,Brazil,79.38709677419355,89.15384615384616,69.88888888888889,0.0385714285714285
2009-01,Brazil,79.7741935483871,89.46153846153847,70.16666666666667,0.255
2009-02,Brazil,77.85714285714286,85.25,70.57142857142857,0.5175
2009-03,Brazil,79.03225806451613,88.0,71.32142857142857,0.1376923076923077
2009-04,Brazil,78.06666666666666,86.66666666666667,70.875,0.2725
2009-05,Brazil,76.2258064516129,83.0,69.96296296296296,0.1411111111111111
2009-06,Brazil,74.1,80.63636363636364,67.54545454545455,0.2270833333333333
2009-07,Brazil,73.0,79.0,67.04,0.2408
2009-08,Brazil,73.54838709677419,80.28571428571429,66.05882352941177,0.1966666666666666
2009-09,Brazil,75.43333333333334,83.4,67.68181818181819,0.0683333333333333
2009-10,Brazil,78.03225806451613,86.8,68.63157894736842,0.0033333333333333
2009-11,Brazil,78.83333333333333,87.8,69.4074074074074,0.02625
2009-12,Brazil,80.25806451612904,88.2,70.65517241379311,0.0425
2010-01,Brazil,78.80645161290323,86.88888888888889,71.03703703703704,0.1153333333333333
2010-02,Brazil,80.28571428571429,88.66666666666667,72.0,0.035
2010-03,Brazil,82.03225806451613,91.14285714285714,72.33333333333333,0.0688888888888888
2010-04,Brazil,79.86666666666666,87.5,71.8695652173913,0.2083333333333333
2010-05,Brazil,79.38709677419355,87.875,70.5,0.08
2010-06,Brazil,75.44827586206897,81.71428571428571,68.52173913043478,0.3154545454545454
2010-07,Brazil,73.13793103448276,80.14285714285714,66.18181818181819,0.0776470588235294
2010-08,Brazil,72.48387096774194,81.11111111111111,64.52,0.1473913043478261
2010-09,Brazil,74.3103448275862,81.28571428571429,65.8125,0.0871428571428571
2010-10,Brazil,78.74193548387096,89.11111111111111,69.46153846153847,0.095
2010-11,Brazil,79.46666666666667,88.71428571428571,69.5,0.0185714285714285
2010-12,Brazil,79.48387096774194,88.25,70.3,0.185
2011-01,Brazil,78.2258064516129,87.5,69.91666666666667,0.1407142857142857
2011-02,Brazil,78.96428571428571,88.57142857142857,71.0909090909091,0.5666666666666667
2011-03,Brazil,79.38709677419355,87.83333333333333,70.88,0.4472727272727272
2011-04,Brazil,77.63333333333334,84.27272727272727,70.46428571428571,0.3304545454545454
2011-05,Brazil,75.41935483870968,81.33333333333333,68.88888888888889,0.4406666666666667
2011-06,Brazil,74.13333333333334,81.0,67.36,0.1934615384615384
2011-07,Brazil,71.5,77.375,65.66666666666667,0.2910714285714286
2011-08,Brazil,72.93548387096774,80.16666666666667,64.82608695652173,0.1611538461538461
2011-09,Brazil,74.9,82.6,65.65217391304348,0.0127272727272727
2011-10,Brazil,77.03225806451613,85.11111111111111,68.71428571428571,0.032
2011-11,Brazil,76.83333333333333,87.1,69.25,0.0266666666666666
2011-12,Brazil,77.54838709677419,89.125,70.0,0.075
2012-01,Brazil,76.51612903225806,88.58333333333333,68.71428571428571,0.2191666666666666
2012-02,Brazil,76.0,86.83333333333333,69.33333333333333,0.3133333333333333
2012-03,Brazil,77.61290322580645,88.0,70.66666666666667,0.0466666666666666
2012-04,Brazil,78.53333333333333,87.66666666666667,71.5,0.03
2012-05,Brazil,76.64516129032258,86.7,69.4,0.14375
2012-06,Brazil,73.6,80.88888888888889,67.1,0.3809090909090909
2012-07,Brazil,71.53333333333333,80.25,65.6923076923077,0.1758333333333333
2012-08,Brazil,72.19354838709677,81.375,64.16666666666667,0.0354545454545454
2012-09,Brazil,74.33333333333333,84.0,66.25,0.034
2012-10,Brazil,75.16129032258064,86.28571428571429,67.66666666666667,0.0307692307692307
2012-11,Brazil,77.46666666666667,86.66666666666667,69.08333333333333,0.01
2012-12,Brazil,76.8,88.0,68.83333333333333,0.0325
2013-01,Brazil,78.75,86.66666666666667,71.0,0.04
2013-02,Brazil,79.03571428571429,90.0,70.66666666666667,0.0212499999999999
2013-03,Brazil,79.74193548387096,89.71428571428571,71.8125,0.076
2013-04,Brazil,78.8,88.75,70.86666666666666,0.28625
2013-05,Brazil,75.6774193548387,85.0628047824703,69.84615384615384,0.148125
2013-06,Brazil,73.4,85.0628047824703,68.11111111111111,0.2257692307692307
2013-07,Brazil,71.80645161290323,75.0,66.2,0.2544444444444445
2013-08,Brazil,72.41935483870968,85.0628047824703,65.88888888888889,0.1508695652173913
2013-09,Brazil,73.53333333333333,85.0628047824703,66.6875,0.071578947368421
2013-10,Brazil,75.93548387096774,85.0628047824703,67.72222222222223,0.049
2013-11,Brazil,76.33333333333333,85.0,68.3913043478261,0.0557142857142857
2013-12,Brazil,77.74193548387096,85.0628047824703,69.3,0.0691666666666666
2014-01,Brazil,77.58064516129032,85.0628047824703,68.71428571428571,0.0642857142857143
2014-02,Brazil,76.53571428571429,85.0628047824703,69.625,0.1053333333333333
2014-03,Brazil,78.16129032258064,85.0628047824703,69.76923076923077,0.0972727272727272
2014-04,Brazil,79.0,85.0628047824703,70.6923076923077,0.0466666666666666
2014-05,Brazil,75.54838709677419,85.0628047824703,69.05,0.277
2014-06,Brazil,73.4,85.0628047824703,67.25,0.1739130434782608
2014-07,Brazil,72.3225806451613,85.0628047824703,65.85714285714286,0.1009523809523809
2014-08,Brazil,72.12903225806451,81.0,65.66666666666667,0.0628
2014-09,Brazil,73.43333333333334,82.6,65.0,0.2205555555555555
2014-10,Brazil,74.87096774193549,85.5,67.0,0.0945454545454545
2014-11,Brazil,76.43333333333334,87.75,67.66666666666667,0.0321428571428571
2014-12,Brazil,76.54838709677419,86.53846153846153,69.0,0.0271428571428571
2015-01,Brazil,76.96774193548387,88.0,68.0,0.0425
2015-02,Brazil,78.10714285714286,89.46153846153847,71.0,0.0689999999999999
2015-03,Brazil,76.70967741935483,88.25,70.0,0.2288235294117647
2015-04,Brazil,78.53333333333333,89.38461538461539,68.14998979985222,0.155
2015-05,Brazil,76.96774193548387,87.94444444444444,68.5,0.05125
2015-06,Brazil,72.8,82.07142857142857,69.0,0.19
2015-07,Brazil,71.03333333333333,78.42857142857143,64.25,0.2807407407407407
2015-08,Brazil,71.87096774193549,85.0628047824703,64.53571428571429,0.0533333333333333
2015-09,Brazil,74.4,85.0628047824703,66.14285714285714,0.05375
2015-10,Brazil,75.38709677419355,85.0628047824703,66.56666666666666,0.03875
2015-11,Brazil,77.06896551724138,85.0628047824703,67.6896551724138,0.02
2015-12,Brazil,76.87096774193549,85.0,68.38095238095238,0.12
2016-01,Brazil,76.0,85.0628047824703,69.5,0.305
2016-02,Brazil,76.48275862068965,85.0628047824703,69.3529411764706,0.1316666666666666
2016-03,Brazil,77.96774193548387,85.0628047824703,69.61111111111111,0.0957142857142857
2016-04,Brazil,77.04761904761905,85.0628047824703,69.6,0.08
2016-05,Brazil,74.55555555555556,85.0628047824703,68.14285714285714,0.1742857142857143
2016-06,Brazil,73.8,79.0,66.17391304347827,0.08
2016-07,Brazil,73.0,85.0,64.28571428571429,0.0376470588235294
2016-08,Brazil,74.03225806451613,84.0,64.18518518518519,0.0371428571428571
2016-09,Brazil,75.06896551724138,85.0628047824703,65.25925925925925,0.0472727272727272
2016-10,Brazil,77.15384615384616,85.0628047824703,66.84615384615384,0.0279999999999999
2016-11,Brazil,77.8,85.0628047824703,67.7,0.1491410402845039
2016-12,Brazil,77.76666666666667,85.0628047824703,68.52631578947368,0.0133333333333333
2017-01,Brazil,77.83870967741936,85.0628047824703,68.95238095238095,0.0116666666666666
2017-02,Brazil,78.46428571428571,85.0628047824703,69.46428571428571,0.0125
2017-03,Brazil,78.19354838709677,85.0628047824703,70.03703703703704,0.1018181818181818
2017-04,Brazil,76.9,85.0628047824703,69.29411764705883,0.2070588235294117
2017-05,Brazil,75.3225806451613,86.0,68.42307692307692,0.12
2017-06,Brazil,73.16666666666667,85.0628047824703,66.76666666666667,0.1373333333333333
2017-07,Brazil,69.83870967741936,85.0628047824703,63.74193548387097,0.2533333333333333
2017-08,Brazil,71.80645161290323,85.0628047824703,63.903225806451616,0.0472222222222222
2017-09,Brazil,72.63333333333334,85.0628047824703,63.666666666666664,0.0785714285714285
2017-10,Brazil,74.80645161290323,85.0628047824703,66.03333333333333,0.0518181818181818
2017-11,Brazil,76.06666666666666,89.0,67.42307692307692,0.02
2017-12,Brazil,77.93548387096774,85.0628047824703,68.71428571428571,0.005
2018-01,Brazil,77.03225806451613,85.0628047824703,68.63333333333334,0.1706666666666666
2018-02,Brazil,76.21428571428571,85.0628047824703,69.125,0.5116666666666667
2018-03,Brazil,76.54838709677419,85.0628047824703,68.63333333333334,0.1177777777777777
2018-04,Brazil,74.46666666666667,85.0628047824703,67.88461538461539,0.2746153846153846
2018-05,Brazil,73.54838709677419,85.0628047824703,66.44827586206897,0.1977272727272727
2018-06,Brazil,71.86666666666666,85.0628047824703,65.21739130434783,0.0833333333333333
2018-07,Brazil,71.87096774193549,82.0,63.851851851851855,0.0616666666666666
2018-08,Brazil,73.45161290322581,85.0628047824703,64.77777777777777,0.0444444444444444
2018-09,Brazil,74.46666666666667,85.5,65.66666666666667,0.0266666666666666
2018-10,Brazil,76.38709677419355,87.0,67.5925925925926,0.04
2018-11,Brazil,77.13333333333334,88.0,68.70833333333333,0.02
2018-12,Brazil,77.35483870967742,85.0628047824703,68.55172413793103,0.1614285714285714
2019-01,Brazil,77.96774193548387,85.0628047824703,69.03571428571429,0.0571428571428571
2019-02,Brazil,77.21428571428571,85.0628047824703,70.23076923076923,0.178235294117647
2019-03,Brazil,77.38709677419355,85.0628047824703,70.24,0.0953846153846153
2019-04,Brazil,76.86666666666666,85.0628047824703,69.82758620689656,0.2376923076923076
2019-05,Brazil,76.45161290322581,85.0628047824703,69.42857142857143,0.0918181818181818
2019-06,Brazil,73.46666666666667,85.0628047824703,66.76,0.2168421052631579
2019-07,Brazil,71.25806451612904,85.0628047824703,65.41666666666667,0.2314999999999999
2019-08,Brazil,70.64516129032258,85.0628047824703,63.92857142857143,0.1052
2019-09,Brazil,73.03333333333333,85.0628047824703,65.37931034482759,0.0538095238095238
2019-10,Brazil,75.3225806451613,85.0628047824703,65.96774193548387,0.0822222222222222
2019-11,Brazil,77.2,85.0628047824703,67.75,0.005
2019-12,Brazil,78.0,90.0,68.75,0.0025
2020-01,Brazil,78.80645161290323,89.66666666666667,71.0,0.4524999999999999
2020-02,Brazil,79.24137931034483,90.77777777777776,68.14998979985222,0.0435294117647058
2020-03,Brazil,78.16129032258064,89.11764705882354,68.14998979985222,0.2619999999999999
2020-04,Brazil,81.16666666666667,86.38461538461539,68.14998979985222,0.108
2020-05,Brazil,78.96774193548387,84.14285714285714,68.14998979985222,0.15
2020-06,Brazil,75.76666666666667,81.6,68.14998979985222,0.1844444444444444
2020-07,Brazil,74.35483870967742,81.5,68.14998979985222,0.1759090909090909
2020-08,Brazil,77.12903225806451,82.36363636363636,68.14998979985222,0.0388235294117647
2020-09,Brazil,77.16666666666667,85.0909090909091,68.14998979985222,0.0807692307692307
2020-10,Brazil,79.66666666666667,89.75,68.14998979985222,0.01
2020-11,Brazil,79.16666666666667,89.54545454545455,68.14998979985222,0.0863636363636363
2020-12,Brazil,79.03225806451613,88.0,68.14998979985222,0.06875
2021-01,Brazil,79.54838709677419,87.0,68.14998979985222,0.02
2021-02,Brazil,78.68,85.0628047824703,68.14998979985222,0.0942857142857142
2021-03,Brazil,77.96774193548387,85.0628047824703,68.14998979985222,0.2171428571428571
2021-04,Brazil,78.4,85.0628047824703,68.14998979985222,0.1410526315789473
2021-05,Brazil,75.35483870967742,85.0628047824703,68.14998979985222,0.179047619047619
2021-06,Brazil,74.86666666666666,85.0628047824703,68.14998979985222,0.0611111111111111
2021-07,Brazil,73.96774193548387,85.0628047824703,68.14998979985222,0.0553846153846153
2021-08,Brazil,74.3225806451613,85.0628047824703,67.0,0.0833333333333333
2021-09,Brazil,76.73333333333333,85.0628047824703,68.14998979985222,0.02
2021-10,Brazil,78.51612903225806,85.0628047824703,68.14998979985222,0.0628571428571428
2021-11,Brazil,79.7,85.0628047824703,68.14998979985222,0.0
2021-12,Brazil,78.38709677419355,92.0,68.14998979985222,0.104
2022-01,Brazil,77.45161290322581,85.0628047824703,68.14998979985222,0.1707692307692307
2022-02,Brazil,78.32142857142857,85.0628047824703,68.14998979985222,0.05
2022-03,Brazil,77.45161290322581,85.0628047824703,68.14998979985222,0.2842857142857142
2022-04,Brazil,76.4,86.0,68.14998979985222,0.2563636363636363
2022-05,Brazil,74.54838709677419,84.27272727272727,68.14998979985222,0.2226086956521739
2022-06,Brazil,72.23333333333333,80.76923076923077,68.14998979985222,0.2204347826086956
2022-07,Brazil,70.96774193548387,80.0,68.14998979985222,0.12875
2022-08,Brazil,70.80645161290323,80.4,68.14998979985222,0.2257142857142857
2022-09,Brazil,73.26666666666667,85.0628047824703,68.14998979985222,0.1491410402845039
2022-10,Brazil,75.80645161290323,85.0628047824703,68.14998979985222,0.05
2022-11,Brazil,76.46666666666667,89.0,68.14998979985222,0.1877777777777777
2022-12,Brazil,76.70967741935483,85.0628047824703,68.14998979985222,0.124
2023-01,Brazil,76.51612903225806,85.0628047824703,68.14998979985222,0.138
2023-02,Brazil,77.75,85.0628047824703,68.14998979985222,0.1775
2023-03,Brazil,76.64516129032258,85.0628047824703,68.14998979985222,0.2257142857142857
2023-04,Brazil,76.26666666666667,85.0628047824703,68.14998979985222,0.0833333333333333
2023-05,Brazil,75.80645161290323,85.0628047824703,68.14998979985222,0.2826666666666667
2023-06,Brazil,72.9,85.0628047824703,68.14998979985222,0.6883333333333334
2023-07,Brazil,72.48387096774194,85.0628047824703,68.14998979985222,0.107
2023-08,Brazil,72.74193548387096,85.0628047824703,68.14998979985222,0.1466666666666666
2023-09,Brazil,73.56666666666666,85.0628047824703,68.14998979985222,0.1291666666666666
2023-10,Brazil,76.2258064516129,85.0628047824703,68.14998979985222,0.01
2023-11,Brazil,77.43333333333334,88.0,68.14998979985222,0.4066666666666667
2023-12,Brazil,77.38709677419355,85.0628047824703,68.14998979985222,0.1466666666666666
2024-01,Brazil,78.38709677419355,85.0628047824703,68.14998979985222,0.2
2024-02,Brazil,78.65517241379311,85.0628047824703,68.14998979985222,0.257
2024-03,Brazil,79.11111111111111,85.0628047824703,68.14998979985222,0.2281818181818181
2024-04,Brazil,77.63333333333334,85.0628047824703,68.14998979985222,0.27625
2024-05,Brazil,76.06666666666666,85.0628047824703,68.14998979985222,0.2
2024-06,Brazil,73.4,85.0628047824703,68.14998979985222,0.2405263157894737
2024-07,Brazil,71.48387096774194,85.0628047824703,68.14998979985222,0.1055555555555555
2024-08,Brazil,72.36666666666666,85.0628047824703,68.14998979985222,0.0633333333333333
2024-09,Brazil,73.3,85.0628047824703,68.14998979985222,0.335
2024-10,Brazil,75.87096774193549,85.0628047824703,68.14998979985222,0.0142857142857142
2024-11,Brazil,77.07692307692308,89.0,68.14998979985222,0.04
2024-12,Brazil,77.63333333333334,85.0628047824703,68.14998979985222,0.1475
2025-01,Brazil,77.96774193548387,85.0628047824703,68.14998979985222,0.3328571428571428
2025-02,Brazil,76.39285714285714,85.0628047824703,68.14998979985222,0.2409090909090909
2025-03,Brazil,76.74193548387096,85.0628047824703,68.14998979985222,0.6857142857142857
2025-04,Brazil,78.23333333333333,85.0628047824703,68.14998979985222,0.1828571428571428
2025-05,Brazil,75.70967741935483,85.0628047824703,68.14998979985222,0.4141666666666667
2025-06,Brazil,72.7,85.0628047824703,68.14998979985222,0.3221052631578947
2025-07,Brazil,71.06451612903226,85.0628047824703,68.14998979985222,0.1491410402845039
2025-08,Brazil,71.375,85.0628047824703,68.14998979985222,0.1491410402845039
2000-01,Colombia,54.064516129032256,66.19047619047619,44.166666666666664,0.0187999999999999
2000-02,Colombia,55.13793103448276,66.05,44.57142857142857,0.1855555555555555
2000-03,Colombia,55.87096774193548,67.0,47.111111111111114,0.1020689655172413
2000-04,Colombia,55.96666666666667,66.75,47.18181818181818,0.0559090909090909
2000-05,Colombia,56.38709677419355,66.23809523809524,49.0,0.1379999999999999
2000-06,Colombia,56.266666666666666,66.88235294117646,48.041666666666664,0.092
2000-07,Colombia,54.87096774193548,65.19047619047619,45.458333333333336,0.0564999999999999
2000-08,Colombia,55.29032258064516,65.95454545454545,45.5,0.0352173913043478
2000-09,Colombia,54.833333333333336,66.0,45.21052631578947,0.115
2000-10,Colombia,55.41935483870968,64.77272727272727,47.36363636363637,0.1290909090909091
2000-11,Colombia,55.3448275862069,66.06666666666666,46.89473684210526,0.116
2000-12,Colombia,54.61290322580645,67.0,41.76470588235294,0.0652173913043478
2001-01,Colombia,53.45161290322581,69.07142857142857,38.48,0.1309090909090909
2001-02,Colombia,55.392857142857146,67.17647058823529,46.833333333333336,0.035625
2001-03,Colombia,56.41935483870968,67.3125,49.0,0.1970588235294117
2001-04,Colombia,56.6,67.4375,47.95,0.037
2001-05,Colombia,56.354838709677416,67.13333333333334,48.43478260869565,0.1261538461538461
2001-06,Colombia,55.9,65.78571428571429,47.0,0.0442105263157894
2001-07,Colombia,55.193548387096776,66.0625,47.35,0.0593103448275862
2001-08,Colombia,55.935483870967744,64.84615384615384,49.2,0.0288461538461538
2001-09,Colombia,55.13333333333333,67.4375,45.388888888888886,0.1021052631578947
2001-10,Colombia,56.32258064516129,67.55555555555556,46.22727272727273,0.026
2001-11,Colombia,56.233333333333334,68.52631578947368,45.68181818181818,0.0848148148148148
2001-12,Colombia,57.096774193548384,68.9375,48.578947368421055,0.09
2002-01,Colombia,55.41935483870968,68.89473684210526,43.82608695652174,0.065625
2002-02,Colombia,57.214285714285715,70.6470588235294,46.54545454545455,0.0406666666666666
2002-03,Colombia,56.774193548387096,68.9,47.59090909090909,0.1854166666666666
2002-04,Colombia,57.266666666666666,67.7,50.2,0.1769565217391304
2002-05,Colombia,58.03225806451613,68.07142857142857,49.95,0.1604545454545454
2002-06,Colombia,57.03333333333333,66.42105263157895,49.72727272727273,0.0972413793103448
2002-07,Colombia,56.806451612903224,66.25,48.23076923076923,0.0780952380952381
2002-08,Colombia,56.41935483870968,65.29411764705883,47.24,0.0381818181818181
2002-09,Colombia,56.1,67.6,45.56521739130435,0.065
2002-10,Colombia,57.03225806451613,67.9047619047619,47.208333333333336,0.0706666666666666
2002-11,Colombia,56.43333333333333,67.15789473684211,46.92307692307692,0.0548148148148148
2002-12,Colombia,57.354838709677416,70.0,47.77272727272727,0.0685714285714285
2003-01,Colombia,56.2,71.05882352941177,41.916666666666664,0.0048
2003-02,Colombia,57.607142857142854,70.27777777777777,48.08695652173913,0.0328571428571428
2003-03,Colombia,56.70967741935484,69.9375,47.526315789473685,0.0936666666666666
2003-04,Colombia,57.36666666666667,69.5625,49.56521739130435,0.13
2003-05,Colombia,57.74193548387097,67.5625,49.11538461538461,0.0684
2003-06,Colombia,55.53333333333333,66.05882352941177,47.0,0.07
2003-07,Colombia,55.67741935483871,64.85,47.42307692307692,0.0280645161290322
2003-08,Colombia,55.67741935483871,65.76470588235294,47.07692307692308,0.0877777777777777
2003-09,Colombia,55.172413793103445,65.88235294117646,45.72,0.0625925925925925
2003-10,Colombia,56.03225806451613,66.36842105263158,47.84615384615385,0.062
2003-11,Colombia,55.4,67.05882352941177,46.64,0.1524137931034482
2003-12,Colombia,55.61290322580645,67.2,45.21739130434783,0.0796774193548387
2004-01,Colombia,54.74193548387097,67.05,43.407407407407405,0.0280645161290322
2004-02,Colombia,55.310344827586206,69.6470588235294,42.80952380952381,0.1342857142857142
2004-03,Colombia,56.645161290322584,68.0,46.47826086956522,0.0269230769230769
2004-04,Colombia,56.03333333333333,67.55555555555556,47.111111111111114,0.14
2004-05,Colombia,56.70967741935484,67.97310974742551,47.626173883281865,0.1338843169581811
2004-06,Colombia,55.46666666666667,67.97310974742551,47.626173883281865,0.1338843169581811
2004-07,Colombia,55.193548387096776,67.97310974742551,44.0,0.0
2004-08,Colombia,55.25806451612903,64.5,47.75,0.0245454545454545
2004-09,Colombia,54.8,66.6,45.375,0.0383333333333333
2004-10,Colombia,55.38709677419355,66.71428571428571,47.52941176470589,0.2083333333333333
2004-11,Colombia,56.03333333333333,67.5625,47.5,0.1085714285714285
2004-12,Colombia,55.516129032258064,67.3076923076923,45.1,0.048
2005-01,Colombia,55.41935483870968,68.38888888888889,44.42307692307692,0.0062962962962962
2005-02,Colombia,56.642857142857146,70.0,43.0,0.04
2005-03,Colombia,56.70967741935484,69.125,46.285714285714285,0.0173333333333333
2005-04,Colombia,57.333333333333336,67.86666666666666,48.72727272727273,0.1147619047619047
2005-05,Colombia,57.29032258064516,67.70588235294117,50.4,0.105
2005-06,Colombia,56.46666666666667,66.10526315789474,48.68421052631579,0.0215384615384615
2005-07,Colombia,56.096774193548384,66.0,47.9,0.0168
2005-08,Colombia,55.54838709677419,65.75,46.6,0.0999999999999999
2005-09,Colombia,55.266666666666666,65.61111111111111,46.7,0.1461904761904762
2005-10,Colombia,55.064516129032256,66.53333333333333,46.13333333333333,0.1395
2005-11,Colombia,55.5,66.1875,47.1578947368421,0.0775
2005-12,Colombia,54.96774193548387,67.0,45.80952380952381,0.2192857142857142
2006-01,Colombia,55.54838709677419,67.36842105263158,46.05555555555556,0.1475
2006-02,Colombia,56.392857142857146,69.0,46.5,0.0033333333333333
2006-03,Colombia,55.45161290322581,65.45454545454545,48.13333333333333,0.34875
2006-04,Colombia,55.833333333333336,66.75,49.54545454545455,0.1408333333333333
2006-05,Colombia,55.87096774193548,65.66666666666667,49.142857142857146,0.2261111111111111
2006-06,Colombia,56.06666666666667,65.76470588235294,48.90909090909091,0.1745454545454545
2006-07,Colombia,56.16129032258065,65.375,48.1764705882353,0.0055555555555555
2006-08,Colombia,56.29032258064516,66.125,47.411764705882355,0.0418181818181818
2006-09,Colombia,56.0,67.92307692307692,45.583333333333336,0.02
2006-10,Colombia,55.83870967741935,65.83333333333333,48.45454545454545,0.1992857142857143
2006-11,Colombia,55.63333333333333,66.8,46.2,0.0863636363636363
2006-12,Colombia,55.56666666666667,67.66666666666667,46.1,0.03875
2007-01,Colombia,56.16129032258065,69.125,45.4,0.02
2007-02,Colombia,54.535714285714285,69.44444444444444,41.6,0.064
2007-03,Colombia,55.903225806451616,67.3125,46.130434782608695,0.164
2007-04,Colombia,56.53333333333333,67.125,48.666666666666664,0.1565384615384615
2007-05,Colombia,56.0,66.76470588235294,48.95238095238095,0.1204545454545454
2007-06,Colombia,55.53333333333333,64.53846153846153,46.42857142857143,0.2386363636363636
2007-07,Colombia,55.32258064516129,65.6470588235294,46.68181818181818,0.1168421052631578
2007-08,Colombia,55.193548387096776,64.5,47.857142857142854,0.075
2007-09,Colombia,55.56666666666667,64.71428571428571,46.36363636363637,0.0266666666666666
2007-10,Colombia,55.12903225806452,66.4,47.6,0.1821052631578947
2007-11,Colombia,54.9,66.2,45.69230769230769,0.1294117647058823
2007-12,Colombia,54.83870967741935,65.75,46.857142857142854,0.0685714285714285
2008-01,Colombia,54.645161290322584,67.22222222222223,44.54545454545455,0.008
2008-02,Colombia,54.89655172413793,65.66666666666667,40.666666666666664,0.1338843169581811
2008-03,Colombia,55.45161290322581,64.5,47.0,0.21
2008-04,Colombia,55.9,66.8,46.8,0.16
2008-05,Colombia,55.67741935483871,67.97310974742551,47.626173883281865,0.1338843169581811
2008-06,Colombia,55.3,67.97310974742551,47.626173883281865,0.1338843169581811
2008-07,Colombia,54.96774193548387,67.97310974742551,47.626173883281865,0.1338843169581811
2008-08,Colombia,54.903225806451616,67.97310974742551,47.626173883281865,0.1338843169581811
2008-09,Colombia,54.96666666666667,67.97310974742551,47.626173883281865,0.1338843169581811
2008-10,Colombia,54.458333333333336,67.97310974742551,47.626173883281865,0.1338843169581811
2008-11,Colombia,55.833333333333336,67.0,47.626173883281865,0.1338843169581811
2008-12,Colombia,54.903225806451616,66.0,47.626173883281865,0.1338843169581811
2009-01,Colombia,55.12903225806452,67.97310974742551,47.626173883281865,0.1338843169581811
2009-02,Colombia,55.17857142857143,67.97310974742551,47.626173883281865,0.1338843169581811
2009-03,Colombia,55.45161290322581,64.0,47.626173883281865,0.1338843169581811
2009-04,Colombia,56.86666666666667,63.0,47.626173883281865,0.1338843169581811
2009-05,Colombia,56.903225806451616,67.97310974742551,47.626173883281865,0.1338843169581811
2009-06,Colombia,57.233333333333334,67.97310974742551,47.626173883281865,0.1338843169581811
2009-07,Colombia,56.58064516129032,67.97310974742551,47.626173883281865,0.1338843169581811
2009-08,Colombia,57.58064516129032,67.97310974742551,47.626173883281865,0.1338843169581811
2009-09,Colombia,57.166666666666664,67.97310974742551,47.626173883281865,0.1338843169581811
2009-10,Colombia,56.41935483870968,67.97310974742551,47.626173883281865,0.1338843169581811
2009-11,Colombia,57.3,67.97310974742551,47.626173883281865,0.1338843169581811
2009-12,Colombia,56.096774193548384,72.0,36.5,0.0
2010-01,Colombia,55.645161290322584,71.52941176470588,40.94736842105263,0.0385714285714285
2010-02,Colombia,58.17857142857143,72.27777777777777,47.8235294117647,0.0853333333333333
2010-03,Colombia,58.354838709677416,71.38095238095238,48.76470588235294,0.0584210526315789
2010-04,Colombia,58.4,70.2,51.23529411764706,0.2436666666666666
2010-05,Colombia,58.54838709677419,70.28571428571429,52.1,0.2763636363636363
2010-06,Colombia,57.233333333333334,69.17647058823529,49.888888888888886,0.1672
2010-07,Colombia,56.32258064516129,67.29411764705883,49.94444444444444,0.1534615384615384
2010-08,Colombia,56.193548387096776,66.85714285714286,48.4375,0.0988888888888888
2010-09,Colombia,56.06666666666667,67.3125,48.27777777777778,0.1192
2010-10,Colombia,56.32258064516129,68.84210526315789,48.1875,0.1842857142857143
2010-11,Colombia,56.2,66.95238095238095,50.21052631578947,0.223
2010-12,Colombia,55.70967741935484,67.66666666666667,47.95238095238095,0.2055555555555555
2011-01,Colombia,55.74193548387097,69.75,45.05263157894737,0.1476923076923076
2011-02,Colombia,56.142857142857146,67.76470588235294,47.785714285714285,0.1505263157894736
2011-03,Colombia,56.225806451612904,66.81818181818181,49.55555555555556,0.1444
2011-04,Colombia,57.266666666666666,67.77272727272727,51.77777777777778,0.2992592592592593
2011-05,Colombia,58.16129032258065,68.3913043478261,52.84615384615385,0.2107407407407407
2011-06,Colombia,58.0,68.84210526315789,51.578947368421055,0.1578571428571428
2011-07,Colombia,56.806451612903224,67.66666666666667,48.76190476190476,0.0713043478260869
2011-08,Colombia,56.935483870967744,68.05555555555556,48.90909090909091,0.102
2011-09,Colombia,56.13333333333333,67.25,47.111111111111114,0.1575
2011-10,Colombia,56.225806451612904,66.95238095238095,50.142857142857146,0.213103448275862
2011-11,Colombia,56.766666666666666,67.95,50.35,0.4276
2011-12,Colombia,57.38709677419355,68.85714285714286,50.705882352941174,0.235
2012-01,Colombia,56.774193548387096,69.18181818181819,48.54545454545455,0.111578947368421
2012-02,Colombia,55.51724137931034,67.95,46.333333333333336,0.0621052631578947
2012-03,Colombia,56.61290322580645,67.44444444444444,49.10526315789474,0.2244
2012-04,Colombia,56.233333333333334,66.42857142857143,49.77777777777778,0.3483333333333333
2012-05,Colombia,56.774193548387096,66.82608695652173,49.1578947368421,0.0647826086956521
2012-06,Colombia,56.86666666666667,66.75,47.46153846153846,0.0485
2012-07,Colombia,56.29032258064516,65.0,47.523809523809526,0.06
2012-08,Colombia,56.29032258064516,65.66666666666667,48.75,0.0448
2012-09,Colombia,55.63333333333333,66.23529411764706,45.333333333333336,0.0827272727272727
2012-10,Colombia,56.645161290322584,68.18181818181819,46.8,0.1858823529411764
2012-11,Colombia,56.46666666666667,69.11764705882354,46.04761904761905,0.0913043478260869
2012-12,Colombia,55.96774193548387,67.6470588235294,44.90909090909091,0.0829411764705882
2013-01,Colombia,56.354838709677416,69.92307692307692,43.5,0.1383333333333333
2013-02,Colombia,57.07142857142857,67.78571428571429,48.23809523809524,0.3580952380952381
2013-03,Colombia,57.483870967741936,68.92307692307692,47.833333333333336,0.1241176470588235
2013-04,Colombia,57.766666666666666,68.28571428571429,49.77777777777778,0.1757692307692308
2013-05,Colombia,57.38709677419355,67.42857142857143,51.26086956521739,0.1470967741935484
2013-06,Colombia,57.06666666666667,67.2,47.8,0.0547058823529411
2013-07,Colombia,55.903225806451616,66.2,45.86666666666667,0.0843478260869565
2013-08,Colombia,56.67741935483871,66.85714285714286,48.0,0.0945833333333333
2013-09,Colombia,56.96666666666667,67.86666666666666,47.5,0.0810526315789473
2013-10,Colombia,56.29032258064516,67.3125,45.76190476190476,0.1231818181818181
2013-11,Colombia,56.46666666666667,67.27272727272727,47.35,0.4347826086956521
2013-12,Colombia,56.32258064516129,66.82352941176471,47.05,0.3066666666666667
2014-01,Colombia,56.61290322580645,68.23076923076923,45.666666666666664,0.1973333333333333
2014-02,Colombia,56.535714285714285,68.64285714285714,47.94117647058823,0.0804761904761904
2014-03,Colombia,57.225806451612904,67.76923076923077,47.45454545454545,0.2019999999999999
2014-04,Colombia,57.6,68.4,50.23529411764706,0.1341666666666666
2014-05,Colombia,57.41935483870968,68.07692307692308,49.388888888888886,0.1838461538461538
2014-06,Colombia,57.06666666666667,65.92307692307692,50.05555555555556,0.0299999999999999
2014-07,Colombia,56.87096774193548,65.71428571428571,49.357142857142854,0.0246153846153846
2014-08,Colombia,56.193548387096776,67.0,47.42857142857143,0.0146666666666666
2014-09,Colombia,56.56666666666667,66.29411764705883,47.8125,0.1028571428571428
2014-10,Colombia,56.74193548387097,67.13333333333334,49.53846153846154,0.1269230769230769
2014-11,Colombia,56.8,67.83333333333333,47.61538461538461,0.0793333333333333
2014-12,Colombia,56.354838709677416,67.53333333333333,46.05555555555556,0.0803225806451613
2015-01,Colombia,56.16129032258065,68.76923076923077,45.473684210526315,0.0382142857142857
2015-02,Colombia,57.357142857142854,71.25,46.35,0.0118518518518518
2015-03,Colombia,57.903225806451616,68.6,49.47058823529411,0.1583333333333333
2015-04,Colombia,58.1,67.57142857142857,50.421052631578945,0.1758620689655172
2015-05,Colombia,58.25806451612903,68.0,50.0,0.0293333333333333
2015-06,Colombia,57.4,66.07692307692308,49.733333333333334,0.0314285714285714
2015-07,Colombia,57.25806451612903,66.46666666666667,49.55,0.0364516129032258
2015-08,Colombia,57.54838709677419,66.73333333333333,49.61904761904762,0.0351612903225806
2015-09,Colombia,57.3,68.91666666666667,47.07142857142857,0.0187999999999999
2015-10,Colombia,57.516129032258064,69.44444444444444,46.411764705882355,0.0349999999999999
2015-11,Colombia,58.1,69.83333333333333,50.06666666666667,0.1292857142857142
2015-12,Colombia,57.12903225806452,68.6,45.5,0.0006666666666666
2016-01,Colombia,57.903225806451616,72.0,43.666666666666664,0.0126315789473684
2016-02,Colombia,59.206896551724135,73.5,48.111111111111114,0.046
2016-03,Colombia,59.935483870967744,73.75,49.869565217391305,0.04
2016-04,Colombia,59.06666666666667,67.97310974742551,51.38461538461539,0.1342857142857142
2016-05,Colombia,58.32258064516129,68.25,50.35,1.9966666666666668
2016-06,Colombia,57.233333333333334,67.42857142857143,48.15,0.1338843169581811
2016-07,Colombia,57.096774193548384,66.0,49.04347826086956,0.1338843169581811
2016-08,Colombia,57.225806451612904,65.75,48.130434782608695,0.01
2016-09,Colombia,57.0,69.57142857142857,47.36363636363637,0.0
2016-10,Colombia,57.54838709677419,69.81818181818181,48.72727272727273,0.1158333333333333
2016-11,Colombia,57.1,68.41666666666667,48.76923076923077,0.1316666666666666
2016-12,Colombia,56.54838709677419,68.35714285714286,46.75,0.0653846153846153
2017-01,Colombia,56.096774193548384,67.84615384615384,46.47826086956522,0.13
2017-02,Colombia,56.42857142857143,69.44444444444444,42.391304347826086,0.0025
2017-03,Colombia,57.12903225806452,68.6,49.333333333333336,0.45
2017-04,Colombia,57.96666666666667,69.46153846153847,49.65,0.0354545454545454
2017-05,Colombia,57.903225806451616,69.23076923076923,50.06666666666667,0.1379999999999999
2017-06,Colombia,57.53333333333333,68.28571428571429,50.526315789473685,0.1258823529411764
2017-07,Colombia,57.354838709677416,68.0,50.1,0.031875
2017-08,Colombia,57.03225806451613,69.5,46.666666666666664,0.0564285714285714
2017-09,Colombia,57.43333333333333,69.77777777777777,46.375,0.0077272727272727
2017-10,Colombia,57.0,68.28571428571429,47.45454545454545,0.081578947368421
2017-11,Colombia,57.166666666666664,69.16666666666667,48.2,0.3268421052631579
2017-12,Colombia,56.61290322580645,69.0,46.76470588235294,0.04
2018-01,Colombia,55.83870967741935,68.78571428571429,43.541666666666664,0.0338888888888888
2018-02,Colombia,57.285714285714285,67.0,45.26315789473684,0.0
2018-03,Colombia,57.354838709677416,68.57142857142857,46.84615384615385,0.0
2018-04,Colombia,56.666666666666664,66.5,50.40909090909091,0.0025
2018-05,Colombia,57.29032258064516,66.92857142857143,51.285714285714285,0.213076923076923
2018-06,Colombia,57.166666666666664,66.55555555555556,48.791666666666664,0.0618181818181818
2018-07,Colombia,57.096774193548384,67.07142857142857,49.55,0.046
2018-08,Colombia,56.645161290322584,66.61538461538461,47.05555555555556,0.0572727272727272
2018-09,Colombia,57.233333333333334,68.26666666666667,47.92307692307692,0.1266666666666666
2018-10,Colombia,57.58064516129032,69.28571428571429,48.95,0.0966666666666666
2018-11,Colombia,58.1,70.41666666666667,50.407407407407405,0.1679310344827586
2018-12,Colombia,55.87096774193548,69.73684210526316,42.916666666666664,0.01
2019-01,Colombia,57.0,70.16666666666667,45.666666666666664,0.0278571428571428
2019-02,Colombia,58.107142857142854,71.875,48.26923076923077,0.0803999999999999
2019-03,Colombia,58.74193548387097,69.6875,51.083333333333336,0.1877777777777778
2019-04,Colombia,58.833333333333336,69.1875,51.36363636363637,0.1155555555555555
2019-05,Colombia,58.16129032258065,68.27777777777777,50.285714285714285,0.1583870967741935
2019-06,Colombia,58.03333333333333,68.6923076923077,50.90909090909091,0.1083333333333333
2019-07,Colombia,57.32258064516129,67.10526315789474,48.5,0.0510344827586206
2019-08,Colombia,56.903225806451616,66.63157894736842,47.391304347826086,0.0215384615384615
2019-09,Colombia,57.56666666666667,69.14285714285714,48.523809523809526,0.0803448275862069
2019-10,Colombia,56.45161290322581,68.66666666666667,47.708333333333336,0.2166666666666666
2019-11,Colombia,57.733333333333334,69.0,48.75,0.1296153846153846
2019-12,Colombia,57.70967741935484,70.05263157894737,47.95,0.0662068965517241
2020-01,Colombia,57.064516129032256,71.05555555555556,44.869565217391305,0.0192857142857142
2020-02,Colombia,57.51724137931034,72.76923076923077,44.625,0.292962962962963
2020-03,Colombia,58.935483870967744,72.125,49.34782608695652,0.0465384615384615
2020-04,Colombia,58.53333333333333,70.63157894736842,49.04545454545455,0.075
2020-05,Colombia,58.67741935483871,68.26315789473684,49.875,0.0620689655172413
2020-06,Colombia,57.43333333333333,68.375,49.0,0.1989999999999999
2020-07,Colombia,56.903225806451616,67.35,48.57692307692308,0.2044827586206896
2020-08,Colombia,57.41935483870968,68.9375,48.25,0.114
2020-09,Colombia,56.6,68.66666666666667,47.083333333333336,0.3566666666666666
2020-10,Colombia,57.064516129032256,67.97310974742551,47.626173883281865,0.1338843169581811
2020-11,Colombia,57.06666666666667,67.97310974742551,47.626173883281865,0.1338843169581811
2020-12,Colombia,56.935483870967744,67.97310974742551,47.626173883281865,0.1338843169581811
2021-01,Colombia,55.935483870967744,67.97310974742551,47.626173883281865,0.1338843169581811
2021-02,Colombia,57.56,67.97310974742551,47.626173883281865,0.1338843169581811
2021-03,Colombia,56.32258064516129,67.97310974742551,47.626173883281865,0.1338843169581811
2021-04,Colombia,58.266666666666666,67.97310974742551,47.626173883281865,0.1338843169581811
2021-05,Colombia,58.12903225806452,67.97310974742551,47.626173883281865,0.1338843169581811
2021-06,Colombia,57.06666666666667,67.97310974742551,47.626173883281865,0.1338843169581811
2021-07,Colombia,57.29032258064516,67.97310974742551,47.626173883281865,0.1338843169581811
2021-08,Colombia,57.193548387096776,67.97310974742551,47.626173883281865,0.1338843169581811
2021-09,Colombia,56.766666666666666,67.97310974742551,47.626173883281865,0.1338843169581811
2021-10,Colombia,57.516129032258064,67.97310974742551,47.626173883281865,0.1338843169581811
2021-11,Colombia,57.43333333333333,71.0,51.5,0.0499999999999999
2021-12,Colombia,58.16129032258065,70.375,48.32,0.2419354838709677
2022-01,Colombia,56.935483870967744,70.4090909090909,46.36363636363637,0.0151724137931034
2022-02,Colombia,57.07142857142857,68.42857142857143,48.85,0.1195454545454545
2022-03,Colombia,57.45161290322581,67.75,48.333333333333336,0.0641379310344827
2022-04,Colombia,57.233333333333334,67.41666666666667,49.65217391304348,0.1461538461538461
2022-05,Colombia,57.25806451612903,68.25,50.16,0.1734482758620689
2022-06,Colombia,55.53333333333333,65.875,48.44444444444444,0.1633333333333333
2022-07,Colombia,56.74193548387097,67.125,48.2,0.1623076923076923
2022-08,Colombia,56.225806451612904,68.0,47.28,0.08375
2022-09,Colombia,55.833333333333336,67.97310974742551,46.35,0.0
2022-10,Colombia,56.58064516129032,68.66666666666667,48.5,0.1233333333333333
2022-11,Colombia,56.6,67.97310974742551,48.88461538461539,0.1338843169581811
2022-12,Colombia,55.41935483870968,68.0,44.041666666666664,0.0
2023-01,Colombia,55.67741935483871,64.0,45.56,0.1338843169581811
2023-02,Colombia,56.535714285714285,69.0,44.56521739130435,0.1338843169581811
2023-03,Colombia,57.354838709677416,69.66666666666667,50.22727272727273,0.0
2023-04,Colombia,57.43333333333333,68.5,49.52173913043478,0.1338843169581811
2023-05,Colombia,58.32258064516129,67.97310974742551,48.714285714285715,0.195
2023-06,Colombia,58.36666666666667,71.0,50.0,0.0266666666666666
2023-07,Colombia,58.03225806451613,68.5,49.391304347826086,0.02
2023-08,Colombia,58.03225806451613,68.33333333333333,48.40909090909091,0.016
2023-09,Colombia,57.53333333333333,68.0,44.95652173913044,0.08
2023-10,Colombia,57.74193548387097,70.0,48.22727272727273,0.02
2023-11,Colombia,58.43333333333333,69.0,49.2,0.0
2023-12,Colombia,58.45161290322581,67.97310974742551,46.857142857142854,0.1338843169581811
2024-01,Colombia,58.25806451612903,72.66666666666667,43.407407407407405,0.1338843169581811
2024-02,Colombia,58.93103448275862,71.75,47.47826086956522,0.0
2024-03,Colombia,60.0,72.4,49.25,0.6866666666666666
2024-04,Colombia,59.233333333333334,75.5,49.19047619047619,0.2833333333333334
2024-05,Colombia,59.83870967741935,71.4,51.875,0.104
2024-06,Colombia,58.233333333333334,69.0,50.12,0.1338843169581811
2024-07,Colombia,58.32258064516129,68.5,49.0,0.005
2024-08,Colombia,57.8,71.0,46.0,0.1338843169581811
2024-09,Colombia,58.8,69.75,47.65,0.0
2024-10,Colombia,58.096774193548384,70.0,47.15384615384615,0.4033333333333333
2024-11,Colombia,57.22222222222222,66.0,49.2,0.0
2024-12,Colombia,57.43333333333333,70.33333333333333,47.21739130434783,3.055
2025-01,Colombia,56.645161290322584,67.97310974742551,44.629629629629626,0.1338843169581811
2025-02,Colombia,58.07142857142857,70.0,49.714285714285715,0.0
2025-03,Colombia,57.483870967741936,68.0,49.166666666666664,0.99
2025-04,Colombia,58.233333333333334,67.97310974742551,50.80952380952381,1.03
2025-05,Colombia,58.193548387096776,67.97310974742551,51.125,0.372
2025-06,Colombia,57.266666666666666,67.97310974742551,49.77777777777778,0.1338843169581811
2025-07,Colombia,57.03225806451613,67.97310974742551,48.793103448275865,0.1338843169581811
2025-08,Colombia,57.0,67.97310974742551,47.77777777777778,0.1338843169581811
2000-01,Venezuela,74.06451612903226,88.12527732954653,69.25412611883281,0.03
2000-02,Venezuela,74.96551724137932,88.12527732954653,69.25412611883281,0.13308243510413964
2000-03,Venezuela,77.0,90.0,68.0,0.13308243510413964
2000-04,Venezuela,77.66666666666667,88.88235294117646,69.36842105263158,0.0075
2000-05,Venezuela,76.90322580645162,87.88888888888889,69.52380952380952,0.0689473684210526
2000-06,Venezuela,75.6,85.2,68.83333333333333,0.209
2000-07,Venezuela,74.96774193548387,85.78571428571429,67.52941176470588,0.0646153846153846
2000-08,Venezuela,76.6774193548387,87.11764705882354,69.11111111111111,0.1221052631578947
2000-09,Venezuela,76.62068965517241,88.6875,68.05,0.05
2000-10,Venezuela,77.3225806451613,88.3125,69.0,0.0349999999999999
2000-11,Venezuela,76.56666666666666,86.0,69.72727272727273,0.1184615384615384
2000-12,Venezuela,75.54838709677419,85.6,68.0909090909091,0.04
2001-01,Venezuela,74.96774193548387,87.88235294117646,64.07142857142857,0.9533333333333333
2001-02,Venezuela,75.04545454545455,84.0,65.6,0.13308243510413964
2001-03,Venezuela,78.87096774193549,91.66666666666669,67.0,0.13308243510413964
2001-04,Venezuela,77.66666666666667,90.46153846153848,68.33333333333333,0.6428571428571429
2001-05,Venezuela,78.0,89.5,70.15384615384616,0.3366666666666666
2001-06,Venezuela,75.2,86.44444444444444,68.3125,0.148235294117647
2001-07,Venezuela,76.25806451612904,87.8,68.94444444444444,0.0522222222222222
2001-08,Venezuela,76.64516129032258,88.83333333333333,69.0,0.1509090909090909
2001-09,Venezuela,77.76666666666667,88.7,69.26666666666667,0.1983333333333333
2001-10,Venezuela,77.93548387096774,90.0,70.05882352941177,0.083
2001-11,Venezuela,78.4,89.57142857142857,70.27777777777777,0.0916666666666666
2001-12,Venezuela,77.16666666666667,89.0,68.0,0.015
2002-01,Venezuela,77.09677419354838,89.0,66.2,0.01
2002-02,Venezuela,77.10714285714286,89.0,66.8,0.13308243510413964
2002-03,Venezuela,77.74193548387096,90.0,68.35714285714286,0.4816666666666666
2002-04,Venezuela,77.56666666666666,89.07142857142857,69.1,0.2166666666666666
2002-05,Venezuela,76.74193548387096,87.36363636363636,69.84615384615384,0.184
2002-06,Venezuela,75.1,84.57142857142857,68.5,0.1784210526315789
2002-07,Venezuela,75.96774193548387,86.81818181818181,68.41666666666667,0.0755
2002-08,Venezuela,76.25806451612904,87.38461538461539,67.6875,0.2188
2002-09,Venezuela,77.3,87.91666666666667,69.57894736842105,0.1214285714285714
2002-10,Venezuela,77.7741935483871,88.18181818181819,68.73684210526316,0.0373684210526315
2002-11,Venezuela,77.2,87.72222222222223,69.0,0.0257894736842105
2002-12,Venezuela,76.06451612903226,86.66666666666667,67.38888888888889,0.2323809523809523
2003-01,Venezuela,77.1,90.0,65.1304347826087,0.0034782608695652
2003-02,Venezuela,77.78571428571429,90.73333333333332,66.6875,0.00125
2003-03,Venezuela,78.83870967741936,91.86666666666666,67.66666666666667,0.0308695652173913
2003-04,Venezuela,77.7,91.3846153846154,69.78571428571429,0.1083333333333333
2003-05,Venezuela,77.18518518518519,88.15384615384616,70.08333333333333,0.1185
2003-06,Venezuela,75.83333333333333,85.15384615384616,69.3076923076923,0.1128571428571428
2003-07,Venezuela,75.93548387096774,86.7,68.27777777777777,0.1670833333333333
2003-08,Venezuela,77.16129032258064,87.23529411764706,68.66666666666667,0.103
2003-09,Venezuela,78.20689655172414,89.81818181818181,69.3529411764706,0.0009090909090909
2003-10,Venezuela,78.86206896551724,90.58333333333331,70.21428571428571,0.028
2003-11,Venezuela,77.93333333333334,89.75,69.05555555555556,0.013
2003-12,Venezuela,76.96774193548387,87.81818181818181,69.76923076923077,0.0111111111111111
2004-01,Venezuela,76.35483870967742,87.27272727272727,66.8,0.0028571428571428
2004-02,Venezuela,78.89655172413794,90.0,66.625,0.13308243510413964
2004-03,Venezuela,78.96774193548387,91.1818181818182,69.38461538461539,0.165
2004-04,Venezuela,79.85714285714286,91.0,72.4,0.1399999999999999
2004-05,Venezuela,76.7741935483871,84.6,70.8,0.0925
2004-06,Venezuela,75.6,82.66666666666667,69.16666666666667,0.6569999999999999
2004-07,Venezuela,75.74193548387096,88.0,68.07142857142857,0.1990909090909091
2004-08,Venezuela,75.7741935483871,86.0,69.14285714285714,0.0852941176470588
2004-09,Venezuela,78.33333333333333,89.0,69.0,0.18
2004-10,Venezuela,78.80645161290323,88.5,69.875,0.04
2004-11,Venezuela,77.24,87.625,70.0,0.035
2004-12,Venezuela,76.54545454545455,86.42857142857143,68.5,0.08
2005-01,Venezuela,77.58064516129032,87.22222222222223,68.0,0.03
2005-02,Venezuela,77.17857142857143,84.5,68.83333333333333,0.2733333333333333
2005-03,Venezuela,80.41935483870968,92.71428571428572,68.0,0.0
2005-04,Venezuela,80.53333333333333,89.0,71.0,0.21
2005-05,Venezuela,78.83870967741936,87.25,71.33333333333333,0.122
2005-06,Venezuela,79.03333333333333,88.0,71.25,0.0571428571428571
2005-07,Venezuela,78.35483870967742,87.5,69.2,0.0
2005-08,Venezuela,79.0,88.6,69.42857142857143,0.06
2005-09,Venezuela,80.33333333333333,90.7,70.8,0.13308243510413964
2005-10,Venezuela,81.12903225806451,90.33333333333331,70.75,0.1
2005-11,Venezuela,78.37037037037037,88.0,69.8,0.4244444444444444
2005-12,Venezuela,77.45161290322581,88.12527732954653,67.66666666666667,0.04
2006-01,Venezuela,77.46666666666667,88.12527732954653,65.0,0.13308243510413964
2006-02,Venezuela,78.21428571428571,88.2,65.8,0.0
2006-03,Venezuela,78.7741935483871,86.0,68.71428571428571,0.13308243510413964
2006-04,Venezuela,78.4074074074074,89.33333333333333,69.0,0.1833333333333333
2006-05,Venezuela,79.12903225806451,92.0,71.5,0.0
2006-06,Venezuela,77.7,85.4,69.0,0.0533333333333333
2006-07,Venezuela,78.16129032258064,86.33333333333333,68.5,0.0628571428571428
2006-08,Venezuela,78.6774193548387,89.0,69.0,0.07
2006-09,Venezuela,79.96666666666667,89.66666666666667,70.0,0.035
2006-10,Venezuela,79.58333333333333,88.66666666666667,70.33333333333333,0.3666666666666667
2006-11,Venezuela,77.82758620689656,87.0,69.25,0.0025
2006-12,Venezuela,77.34482758620689,86.5,69.0,0.0133333333333333
2007-01,Venezuela,78.03225806451613,86.33333333333333,66.0,0.13308243510413964
2007-02,Venezuela,78.89285714285714,89.0,65.5,0.13308243510413964
2007-03,Venezuela,79.95238095238095,88.12527732954653,68.66666666666667,0.13308243510413964
2007-04,Venezuela,80.73333333333333,88.33333333333333,69.66666666666667,0.0
2007-05,Venezuela,80.87096774193549,92.66666666666669,71.0,0.04
2007-06,Venezuela,78.73333333333333,86.5,69.0,0.0833333333333333
2007-07,Venezuela,77.58064516129032,87.16666666666667,69.4,0.22
2007-08,Venezuela,77.73333333333333,89.16666666666667,69.44444444444444,0.1488888888888889
2007-09,Venezuela,78.6,89.77777777777777,69.0,0.06
2007-10,Venezuela,78.29032258064517,90.5,69.81818181818181,0.22
2007-11,Venezuela,78.33333333333333,87.66666666666667,69.18181818181819,0.1011111111111111
2007-12,Venezuela,77.29032258064517,90.0,67.0,0.2475
2008-01,Venezuela,76.61290322580645,88.0,63.4,0.13308243510413964
2008-02,Venezuela,77.41379310344827,88.16666666666667,68.44444444444444,0.0
2008-03,Venezuela,78.45161290322581,90.71428571428572,67.25,0.13308243510413964
2008-04,Venezuela,80.03333333333333,92.42857142857144,69.5,0.1775
2008-05,Venezuela,77.53333333333333,89.0,68.5,0.06
2008-06,Venezuela,76.8,87.53333333333333,68.25,0.064
2008-07,Venezuela,75.87096774193549,86.1,67.72727272727273,0.0933333333333333
2008-08,Venezuela,78.51612903225806,88.5,69.0,0.0416666666666666
2008-09,Venezuela,78.73333333333333,88.12527732954653,69.25412611883281,0.13308243510413964
2008-10,Venezuela,76.90322580645162,88.12527732954653,69.25412611883281,0.13308243510413964
2008-11,Venezuela,77.13333333333334,85.85714285714286,68.75,0.285
2008-12,Venezuela,76.7741935483871,86.42857142857143,67.6,0.02
2009-01,Venezuela,77.74193548387096,86.6,68.125,0.18
2009-02,Venezuela,76.9,88.33333333333333,69.22222222222223,0.03
2009-03,Venezuela,76.70967741935483,90.0,68.83333333333333,0.02
2009-04,Venezuela,77.86666666666666,87.4,70.5,0.2366666666666666
2009-05,Venezuela,78.83870967741936,88.0,71.33333333333333,0.02
2009-06,Venezuela,79.1,87.625,72.16666666666667,0.0133333333333333
2009-07,Venezuela,77.93548387096774,86.18181818181819,70.5,0.1569230769230769
2009-08,Venezuela,78.48387096774194,88.1,69.61538461538461,0.0972727272727272
2009-09,Venezuela,80.16666666666667,90.5,69.6923076923077,0.0
2009-10,Venezuela,79.87096774193549,89.63636363636364,69.15384615384616,0.13308243510413964
2009-11,Venezuela,79.83333333333333,89.66666666666667,70.1,0.048
2009-12,Venezuela,79.41935483870968,89.33333333333333,69.7,0.02
2010-01,Venezuela,78.93548387096774,90.5,68.6,0.13308243510413964
2010-02,Venezuela,80.67857142857143,94.2,69.33333333333333,0.13308243510413964
2010-03,Venezuela,81.80645161290323,94.25,71.2,0.49
2010-04,Venezuela,78.8,89.11111111111111,70.6470588235294,0.12
2010-05,Venezuela,79.38709677419355,88.3076923076923,70.92857142857143,0.1133333333333333
2010-06,Venezuela,77.6,85.66666666666667,70.42857142857143,0.14625
2010-07,Venezuela,78.25806451612904,88.42857142857143,70.57142857142857,0.1828571428571428
2010-08,Venezuela,79.58064516129032,90.0,70.05882352941177,0.0633333333333333
2010-09,Venezuela,78.93333333333334,89.63636363636364,70.45454545454545,0.1575
2010-10,Venezuela,79.3225806451613,89.53846153846153,70.25,0.11625
2010-11,Venezuela,76.83333333333333,88.42857142857143,69.85714285714286,0.0914285714285714
2010-12,Venezuela,77.16129032258064,86.63636363636364,69.33333333333333,0.275
2011-01,Venezuela,76.51612903225806,86.81818181818181,66.6470588235294,0.0133333333333333
2011-02,Venezuela,77.32142857142857,88.42857142857143,68.71428571428571,0.04
2011-03,Venezuela,77.0,87.54545454545455,68.53846153846153,0.0425
2011-04,Venezuela,76.3,86.18181818181819,69.75,0.4413333333333333
2011-05,Venezuela,76.54838709677419,84.625,70.91666666666667,0.8999999999999999
2011-06,Venezuela,76.9,84.3076923076923,70.46153846153847,0.1328571428571428
2011-07,Venezuela,76.7741935483871,85.83333333333333,69.54545454545455,0.1270588235294117
2011-08,Venezuela,78.15384615384616,89.0,69.25,0.0975
2011-09,Venezuela,78.53333333333333,90.22222222222224,69.38461538461539,0.09
2011-10,Venezuela,77.51612903225806,87.66666666666667,70.33333333333333,0.0681818181818181
2011-11,Venezuela,77.26666666666667,88.0,69.75,0.2145454545454545
2011-12,Venezuela,75.45161290322581,85.0,68.18181818181819,0.0716666666666666
2012-01,Venezuela,75.29032258064517,86.0,66.5,0.02
2012-02,Venezuela,75.82758620689656,87.14285714285714,66.21428571428571,0.02
2012-03,Venezuela,75.70967741935483,86.07142857142857,69.8,0.11625
2012-04,Venezuela,76.96666666666667,86.94117647058823,69.5,0.1857142857142857
2012-05,Venezuela,76.7741935483871,85.61111111111111,69.9375,0.1168421052631578
2012-06,Venezuela,75.96666666666667,84.07692307692308,69.5,0.634375
2012-07,Venezuela,76.45161290322581,86.0,69.41666666666667,0.1175
2012-08,Venezuela,76.38709677419355,88.0,69.23076923076923,0.0507692307692307
2012-09,Venezuela,78.1,88.81818181818181,69.6,0.2218181818181818
2012-10,Venezuela,78.0,88.6923076923077,70.46153846153847,0.2357894736842105
2012-11,Venezuela,79.1,89.11764705882354,69.91666666666667,0.0
2012-12,Venezuela,77.87096774193549,88.54545454545455,68.58333333333333,0.7914285714285715
2013-01,Venezuela,77.19354838709677,88.27272727272727,67.64285714285714,0.13308243510413964
2013-02,Venezuela,77.53571428571429,89.25,68.25,0.13308243510413964
2013-03,Venezuela,79.48387096774194,90.86666666666666,71.58333333333333,0.26
2013-04,Venezuela,79.33333333333333,91.28571428571428,70.78571428571429,0.01875
2013-05,Venezuela,78.16129032258064,88.3076923076923,71.18181818181819,0.0655555555555555
2013-06,Venezuela,76.36666666666666,85.33333333333333,70.6,0.3095
2013-07,Venezuela,76.16129032258064,86.33333333333333,69.6,0.0527272727272727
2013-08,Venezuela,77.25806451612904,87.6,69.8,0.0527272727272727
2013-09,Venezuela,78.53333333333333,89.375,69.92307692307692,0.0849999999999999
2013-10,Venezuela,78.25806451612904,89.08333333333333,70.0,0.0645454545454545
2013-11,Venezuela,77.2,86.8,70.27272727272727,0.0249999999999999
2013-12,Venezuela,76.58064516129032,86.66666666666667,68.2,0.13308243510413964
2014-01,Venezuela,76.38709677419355,87.3076923076923,68.36363636363636,0.13308243510413964
2014-02,Venezuela,77.03571428571429,87.57142857142857,68.66666666666667,0.1
2014-03,Venezuela,78.80645161290323,90.6,68.28571428571429,0.13308243510413964
2014-04,Venezuela,78.9,89.57142857142857,69.72727272727273,0.07
2014-05,Venezuela,78.19354838709677,90.33333333333331,70.8,0.1066666666666666
2014-06,Venezuela,77.66666666666667,87.63636363636364,71.0,0.072
2014-07,Venezuela,76.09677419354838,85.25,71.0,0.125
2014-08,Venezuela,77.12903225806451,87.07692307692308,70.0,0.06
2014-09,Venezuela,78.03333333333333,88.5,70.77777777777777,0.0983333333333333
2014-10,Venezuela,77.48387096774194,87.28571428571429,70.45454545454545,0.462
2014-11,Venezuela,77.33333333333333,86.0,70.4,0.1857142857142857
2014-12,Venezuela,78.2258064516129,87.7,70.0909090909091,0.01
2015-01,Venezuela,76.74193548387096,86.6,67.8,0.0833333333333333
2015-02,Venezuela,78.03703703703704,88.81818181818181,68.58333333333333,0.02
2015-03,Venezuela,78.16129032258064,88.75,68.91666666666667,0.13308243510413964
2015-04,Venezuela,78.86666666666666,90.33333333333331,71.66666666666667,0.04
2015-05,Venezuela,79.58064516129032,91.0,71.5,0.26
2015-06,Venezuela,77.66666666666667,86.27272727272727,70.9090909090909,0.054
2015-07,Venezuela,77.06451612903226,84.44444444444444,70.36363636363636,0.0907692307692307
2015-08,Venezuela,78.09677419354838,87.9090909090909,70.3529411764706,0.1707692307692307
2015-09,Venezuela,80.9,90.33333333333331,71.94117647058823,0.0
2015-10,Venezuela,79.70967741935483,88.75,70.8,0.21
2015-11,Venezuela,77.7,85.55555555555556,70.18181818181819,0.395625
2015-12,Venezuela,77.35483870967742,85.44444444444444,70.33333333333333,0.018
2016-01,Venezuela,78.03225806451613,87.84615384615384,68.58823529411765,0.13308243510413964
2016-02,Venezuela,79.06896551724138,90.3,69.53846153846153,0.13308243510413964
2016-03,Venezuela,80.06451612903226,91.9090909090909,70.0,0.005
2016-04,Venezuela,80.03333333333333,91.0,70.0,0.13308243510413964
2016-05,Venezuela,78.0,88.12527732954653,69.25412611883281,0.13308243510413964
2016-06,Venezuela,77.33333333333333,88.12527732954653,71.0,0.13308243510413964
2016-07,Venezuela,77.3225806451613,85.5,69.25412611883281,0.13308243510413964
2016-08,Venezuela,79.06451612903226,88.12527732954653,69.25412611883281,0.14
2016-09,Venezuela,79.56666666666666,88.12527732954653,71.5,0.13308243510413964
2016-10,Venezuela,79.47368421052632,90.0,71.0,0.2275
2016-11,Venezuela,78.6,88.12527732954653,69.25412611883281,0.13308243510413964
2016-12,Venezuela,77.54838709677419,88.12527732954653,69.25412611883281,0.13308243510413964
2017-01,Venezuela,77.0,88.12527732954653,69.25412611883281,0.13308243510413964
2017-02,Venezuela,78.66666666666667,88.12527732954653,69.25412611883281,0.13308243510413964
2017-03,Venezuela,77.36666666666666,88.12527732954653,69.25412611883281,0.13308243510413964
2017-04,Venezuela,79.3,88.12527732954653,69.25412611883281,0.13308243510413964
2017-05,Venezuela,77.87096774193549,88.12527732954653,69.25412611883281,0.13308243510413964
2017-06,Venezuela,77.83333333333333,88.12527732954653,69.25412611883281,0.13308243510413964
2017-07,Venezuela,78.26666666666667,88.12527732954653,69.25412611883281,0.13308243510413964
2017-08,Venezuela,79.29032258064517,88.12527732954653,69.25412611883281,0.13308243510413964
2017-09,Venezuela,79.72413793103448,88.12527732954653,69.25412611883281,0.13308243510413964
2017-10,Venezuela,79.9047619047619,88.12527732954653,69.25412611883281,0.13308243510413964
2017-11,Venezuela,80.14285714285714,88.12527732954653,69.25412611883281,0.13308243510413964
2017-12,Venezuela,78.72,88.12527732954653,69.25412611883281,0.13308243510413964
2018-01,Venezuela,77.63333333333334,88.12527732954653,69.25412611883281,0.13308243510413964
2018-02,Venezuela,75.8,88.12527732954653,69.25412611883281,0.13308243510413964
2018-03,Venezuela,79.3157894736842,88.12527732954653,69.25412611883281,0.13308243510413964
2018-04,Venezuela,76.8,88.12527732954653,71.5,0.13308243510413964
2018-05,Venezuela,76.06451612903226,84.625,70.57142857142857,0.0725
2018-06,Venezuela,76.7,84.66666666666667,70.0,0.0914285714285714
2018-07,Venezuela,76.87096774193549,88.12527732954653,69.25412611883281,0.13308243510413964
2018-08,Venezuela,77.51612903225806,88.12527732954653,69.25412611883281,0.13308243510413964
2018-09,Venezuela,77.72413793103448,84.5,70.0,0.065
2018-10,Venezuela,77.7741935483871,88.0,71.0,0.12
2018-11,Venezuela,77.23333333333333,87.0,71.0,0.13308243510413964
2018-12,Venezuela,76.45161290322581,88.12527732954653,69.25412611883281,0.13308243510413964
2019-01,Venezuela,77.2258064516129,88.12527732954653,69.25412611883281,0.13308243510413964
2019-02,Venezuela,77.62962962962963,88.12527732954653,69.25412611883281,0.13308243510413964
2019-03,Venezuela,80.33333333333333,88.12527732954653,69.25412611883281,0.13308243510413964
2019-04,Venezuela,77.77777777777777,88.12527732954653,69.25412611883281,0.13308243510413964
2019-05,Venezuela,79.07692307692308,88.12527732954653,69.25412611883281,0.13308243510413964
2019-06,Venezuela,77.63333333333334,88.12527732954653,69.25412611883281,0.13308243510413964
2019-07,Venezuela,78.13793103448276,88.12527732954653,69.25412611883281,0.13308243510413964
2019-08,Venezuela,79.64516129032258,88.12527732954653,69.25412611883281,0.13308243510413964
2019-09,Venezuela,80.06896551724138,88.12527732954653,69.25412611883281,0.13308243510413964
2019-10,Venezuela,79.93548387096774,88.12527732954653,69.25412611883281,0.13308243510413964
2019-11,Venezuela,80.10344827586206,88.12527732954653,69.25412611883281,0.13308243510413964
2019-12,Venezuela,78.96666666666667,88.12527732954653,69.25412611883281,0.13308243510413964
2020-01,Venezuela,78.64516129032258,88.12527732954653,69.25412611883281,0.13308243510413964
2020-02,Venezuela,77.34482758620689,88.12527732954653,69.25412611883281,0.13308243510413964
2020-03,Venezuela,78.06451612903226,88.12527732954653,69.25412611883281,0.13308243510413964
2020-04,Venezuela,83.23333333333333,88.12527732954653,69.25412611883281,0.13308243510413964
2020-05,Venezuela,82.3,88.12527732954653,69.25412611883281,0.13308243510413964
2020-06,Venezuela,78.43333333333334,88.12527732954653,69.25412611883281,0.13308243510413964
2020-07,Venezuela,77.06451612903226,88.12527732954653,69.25412611883281,0.13308243510413964
2020-08,Venezuela,77.90322580645162,88.12527732954653,69.25412611883281,0.13308243510413964
2020-09,Venezuela,80.3,88.12527732954653,69.25412611883281,0.13308243510413964
2020-10,Venezuela,78.45161290322581,88.12527732954653,69.25412611883281,0.13308243510413964
2020-11,Venezuela,76.6,88.12527732954653,69.25412611883281,0.13308243510413964
2020-12,Venezuela,76.96774193548387,88.12527732954653,69.25412611883281,0.13308243510413964
2021-01,Venezuela,78.73333333333333,88.12527732954653,69.25412611883281,0.13308243510413964
2021-02,Venezuela,78.72222222222223,88.12527732954653,69.25412611883281,0.13308243510413964
2021-03,Venezuela,76.62962962962963,88.12527732954653,69.25412611883281,0.13308243510413964
2021-04,Venezuela,78.0,88.12527732954653,69.25412611883281,0.13308243510413964
2021-05,Venezuela,76.58064516129032,88.12527732954653,69.25412611883281,0.13308243510413964
2021-06,Venezuela,76.46666666666667,88.12527732954653,69.25412611883281,0.13308243510413964
2021-07,Venezuela,76.19354838709677,88.12527732954653,69.25412611883281,0.13308243510413964
2021-08,Venezuela,76.19354838709677,88.12527732954653,69.25412611883281,0.13308243510413964
2021-09,Venezuela,77.83333333333333,88.12527732954653,69.25412611883281,0.13308243510413964
2021-10,Venezuela,78.62068965517241,88.12527732954653,69.25412611883281,0.13308243510413964
2021-11,Venezuela,77.75862068965517,88.12527732954653,69.25412611883281,0.13308243510413964
2021-12,Venezuela,80.33333333333333,88.12527732954653,69.25412611883281,0.13308243510413964
2022-01,Venezuela,78.79310344827586,88.12527732954653,69.25412611883281,0.13308243510413964
2022-02,Venezuela,78.70833333333333,88.12527732954653,69.25412611883281,0.13308243510413964
2022-03,Venezuela,79.27777777777777,88.12527732954653,69.25412611883281,0.13308243510413964
2022-04,Venezuela,78.2,88.12527732954653,69.25412611883281,0.13308243510413964
2022-05,Venezuela,79.63636363636364,88.12527732954653,69.25412611883281,0.13308243510413964
2022-06,Venezuela,76.92307692307692,88.12527732954653,69.25412611883281,0.13308243510413964
2022-07,Venezuela,75.0,88.12527732954653,69.25412611883281,0.13308243510413964
2022-08,Venezuela,74.61290322580645,88.12527732954653,69.25412611883281,0.13308243510413964
2022-09,Venezuela,80.0,88.12527732954653,69.25412611883281,0.13308243510413964
2022-10,Venezuela,80.25,88.12527732954653,69.25412611883281,0.13308243510413964
2022-11,Venezuela,74.75862068965517,88.12527732954653,69.25412611883281,0.13308243510413964
2022-12,Venezuela,72.61290322580645,88.12527732954653,69.25412611883281,0.13308243510413964
2023-01,Venezuela,75.13793103448276,88.12527732954653,69.25412611883281,0.13308243510413964
2023-02,Venezuela,76.29629629629629,88.12527732954653,69.25412611883281,0.13308243510413964
2023-03,Venezuela,74.54838709677419,88.12527732954653,69.25412611883281,0.13308243510413964
2023-04,Venezuela,75.96666666666667,88.12527732954653,69.25412611883281,0.13308243510413964
2023-05,Venezuela,77.3225806451613,88.12527732954653,69.25412611883281,0.13308243510413964
2023-06,Venezuela,76.23333333333333,88.12527732954653,69.25412611883281,0.13308243510413964
2023-07,Venezuela,77.51612903225806,88.12527732954653,69.25412611883281,0.13308243510413964
2023-08,Venezuela,78.51612903225806,88.12527732954653,69.25412611883281,0.13308243510413964
2023-09,Venezuela,78.33333333333333,88.12527732954653,69.25412611883281,0.13308243510413964
2023-10,Venezuela,81.0,88.12527732954653,69.25412611883281,0.13308243510413964
2023-11,Venezuela,81.47826086956522,88.12527732954653,69.25412611883281,0.13308243510413964
2023-12,Venezuela,81.57692307692308,88.12527732954653,69.25412611883281,0.13308243510413964
2024-01,Venezuela,79.20689655172414,88.12527732954653,69.25412611883281,0.13308243510413964
2024-02,Venezuela,77.03571428571429,88.12527732954653,69.25412611883281,0.13308243510413964
2024-03,Venezuela,79.6,88.12527732954653,69.25412611883281,0.13308243510413964
2024-04,Venezuela,83.41666666666667,88.12527732954653,69.25412611883281,0.13308243510413964
2024-05,Venezuela,80.94117647058823,88.12527732954653,69.25412611883281,0.13308243510413964
2024-06,Venezuela,80.52380952380952,88.12527732954653,69.25412611883281,0.13308243510413964
2024-07,Venezuela,76.16129032258064,88.12527732954653,69.25412611883281,0.13308243510413964
2024-08,Venezuela,77.86666666666666,88.12527732954653,69.25412611883281,0.13308243510413964
2024-09,Venezuela,78.8,88.12527732954653,69.25412611883281,0.13308243510413964
2024-10,Venezuela,79.25806451612904,88.12527732954653,69.25412611883281,0.13308243510413964
2024-11,Venezuela,76.38461538461539,88.12527732954653,69.25412611883281,0.13308243510413964
2024-12,Venezuela,75.8,88.12527732954653,69.25412611883281,0.13308243510413964
2025-01,Venezuela,75.6774193548387,88.12527732954653,69.25412611883281,0.13308243510413964
2025-02,Venezuela,75.67857142857143,88.12527732954653,69.25412611883281,0.13308243510413964
2025-03,Venezuela,77.61290322580645,88.12527732954653,69.25412611883281,0.13308243510413964
2025-04,Venezuela,80.14814814814815,88.12527732954653,69.25412611883281,0.13308243510413964
2025-05,Venezuela,79.0,88.12527732954653,69.25412611883281,0.13308243510413964
2025-06,Venezuela,74.96666666666667,88.12527732954653,69.25412611883281,0.13308243510413964
2025-07,Venezuela,79.19354838709677,88.12527732954653,69.25412611883281,0.13308243510413964
2025-08,Venezuela,79.95652173913044,88.12527732954653,69.25412611883281,0.13308243510413964
